{
  "images" : [
    {
      "filename" : "AR_icon_basic copy-6.png",
      "idiom" : "iphone",
      "scale" : "2x",
      "size" : "20x20"
    },
    {
      "filename" : "AR_icon_basic copy-16.png",
      "idiom" : "iphone",
      "scale" : "3x",
      "size" : "20x20"
    },
    {
      "filename" : "AR_icon_basic copy-9.png",
      "idiom" : "iphone",
      "scale" : "2x",
      "size" : "29x29"
    },
    {
      "filename" : "AR_icon_basic copy-10.png",
      "idiom" : "iphone",
      "scale" : "3x",
      "size" : "29x29"
    },
    {
      "filename" : "AR_icon_basic copy-4.png",
      "idiom" : "iphone",
      "scale" : "2x",
      "size" : "40x40"
    },
    {
      "filename" : "AR_icon_basic copy-12.png",
      "idiom" : "iphone",
      "scale" : "3x",
      "size" : "40x40"
    },
    {
      "filename" : "AR_icon_basic copy-13.png",
      "idiom" : "iphone",
      "scale" : "2x",
      "size" : "60x60"
    },
    {
      "filename" : "AR_icon_basic copy-14.png",
      "idiom" : "iphone",
      "scale" : "3x",
      "size" : "60x60"
    },
    {
      "filename" : "AR_icon_basic copy-11.png",
      "idiom" : "ipad",
      "scale" : "1x",
      "size" : "20x20"
    },
    {
      "filename" : "AR_icon_basic copy-7.png",
      "idiom" : "ipad",
      "scale" : "2x",
      "size" : "20x20"
    },
    {
      "filename" : "AR_icon_basic copy-15.png",
      "idiom" : "ipad",
      "scale" : "1x",
      "size" : "29x29"
    },
    {
      "filename" : "AR_icon_basic copy-8.png",
      "idiom" : "ipad",
      "scale" : "2x",
      "size" : "29x29"
    },
    {
      "filename" : "AR_icon_basic copy-5.png",
      "idiom" : "ipad",
      "scale" : "1x",
      "size" : "40x40"
    },
    {
      "filename" : "AR_icon_basic copy-3.png",
      "idiom" : "ipad",
      "scale" : "2x",
      "size" : "40x40"
    },
    {
      "filename" : "AR_icon_basic copy-2.png",
      "idiom" : "ipad",
      "scale" : "1x",
      "size" : "76x76"
    },
    {
      "filename" : "AR_icon_basic copy-1.png",
      "idiom" : "ipad",
      "scale" : "2x",
      "size" : "76x76"
    },
    {
      "filename" : "AR_icon_basic copy.png",
      "idiom" : "ipad",
      "scale" : "2x",
      "size" : "83.5x83.5"
    },
    {
      "filename" : "AR_icon_basic.png",
      "idiom" : "ios-marketing",
      "scale" : "1x",
      "size" : "1024x1024"
    }
  ],
  "info" : {
    "author" : "xcode",
    "version" : 1
  }
}
